spatialTypeCode,typecode,id
1106,010100,B000A7W3G6
0801,010800,B0FFFADN5F
1106,011100,B0FFGV1DON
1106,011100,B0FFHJJ4U1
1106,011100,B0FFJ4ELZM
1106,011100,B0FFI0YO4M
0801|0806,040000,B0FFG9JZUZ
0801|0806,040000,B0FFFP47DW
0801,050000,B0FFJETEOL
0801,050000,B0FFJ97Z31
0801,050000,B0FFFP3X8I
0801,050000,B0FFHVRWDG
0801,050000,B0FFKHFWI4
0801,050000,B0FFJ97V0J
0801,050000,B0FFG2WI0P
0801,050000,B0FFFOSNN7
0801,050000,B0FFFOP8H0
0801,050000,B0FFIYBRLV
0801,050000,B0FFFOJ56J
0801,050000,B0FFFOO5G4
0801,050000,B0FFI2DCQ3
0801,050000,B000AA69XM
0801,050000,B0FFI5FH8L
0801,050100,B0FFK7V3CE
0801,050100,B0FFFO7M83
0801,050100,B0FFKDZ6WI
0801,050100,B0FFGHPHU3
0801,050100,B0FFFOGFVH
0801,050100,B0FFGX8YVE
0801,050100,B000AA1794
0801,050100,B0FFH0XJ8P
0801,050100,B0FFIA6GT6
0801,050100,B0FFGAZJIN
0801,050100,B0FFH5HUZN
0801,050100,B0FFH5HWKS
0801,050100,B0FFJYU6MP
0801,050100,B0FFGQF92T
0801,050100,B0FFGWGVBC
0801,050100,B0FFHVMUVQ
0801,050100,B0FFFADN35
0801,050100,B0FFJO81R8
0801,050100,B0FFJOANV3
0801,050100,B0FFJO853L
0801,050100,B0FFGT3V8W
0801,050100,B0FFGIP3WF
0801,050100,B0FFFOY8U8
0801,050100,B0FFFADNUD
0801,050100,B0FFGETV8M
0801,050100,B0FFFADNKO
0801,050100,B0FFGOMF3W
0801,050100,B0FFH13TE1
0801,050100,B0FFH0Y5Y1
0801,050100,B0FFFAKE7E
0801,050100,B0FFFAC2R0
0801,050100,B0FFFAC9FR
0801,050100,B0FFGTMMWQ
0801,050100,B000ABCLRC
0801,050100,B000A80S9E
0801,050100,B0FFHR8SLA
0801,050100,B0FFK0H102
0801,050100,B0FFH5LPXP
0801,050100,B0FFHRGNTM
0801,050100,B0FFKBX4M9
0801,050101,B0FFH3G2A8
0801,050101,B0FFF5RM3Y
0801,050300,B0FFHRKSQY
0801,050300,B0FFG4W291
0801,050500,B0FFHWDX8E
0801,060000,B0FFJJSM04
0801,060000,B0FFJ44FC9
0801,060000,B0FFFOTNXI
0801,060000,B0FFG2WCQE
0801,060000,B0FFFOXF0M
0801,060000,B0FFJ6LTM4
0801,060000,B0FFHU8E7V
0801,060000,B0FFIYBUP0
0801,060000,B0FFG9JZ3V
0801,060000,B0FFFOTS06
0801,060000,B0FFFOJDUT
0801,060000,B0FFFOLV7L
0801,060000,B0FFIYBV53
0801,060000,B0FFFORLHG
0801,060000,B0FFG2WGKG
0801,060000,B0FFFOOCOZ
0801,060000,B0FFFOWVZT
0801,060000,B0FFFOTXQJ
0801,060000,B0FFFOWMSR
0801,060000,B0FFFOHMY8
0801,060000,B0FFFP0WPI
0801,060000,B0FFFOULVC
0801,060000,B0FFFOQEIT
0801,060000,B0FFFOQXP3
0801,060000,B0FFFOUVZM
0801,060000,B0FFHIX9K5
0801,060000,B0FFFOMG05
0801,060000,B0FFFOJS6T
0801,060000,B0FFFOUMZC
0801,060200,B0FFH1I8AA
0801,060200,B0FFH1BQY0
0801,060200,B000A886VV
0801,060200,B0FFH1I9AG
0801,060200,B0FFH213PB
0801,060200,B0FFK0KA6B
0801,060200,B0FFH12D9Q
0801,060200,B0FFH5HX0V
0801,060200,B0FFH5HX5D
0801,060200,B0FFJO81RF
0801,060200,B0FFH5SDU7
0801,060200,B0FFFXDU5N
0801,060200,B0FFH5HSAZ
0801,060200,B0FFFABU3X
0801,060200,B0FFFAC2Q9
0801,060200,B0FFG3I7S0
0801,060200,B0FFH5S9M1
0801,060200,B0FFIG67N5
0801,060200,B0FFFADPTH
0801,060200,B0FFH71BZF
0801,060200,B0FFFYT8XQ
0801,060200,B0FFFYTWFG
0801,060305,B0FFH213PL
0801,060400,B0FFFP19C0
0801,060400,B0FFFP0K8M
0801,060400,B000A87Y5F
0801,060700,B000A9Q15O
0801,060703,B0FFK0H0ZG
0801,060705,B0FFFADN4Q
0801,060705,B0FFFADN51
060104|0801|0802|1604,070000,B000A8WE91
060104|0801|0802|1604,070000,B0FFFACBOM
060104|0801|0802|1604,070000,B0FFFONXSC
060104|0801|0802|1604,070000,B0FFJH0DSA
060104|0801|0802|1604,070000,B0FFHRGUSP
060104|0801|0802|1604,070000,B000A889F2
060104|0801|0802|1604,070000,B000A7ZKU3
060104|0801|0802|1604,070000,B0FFH5HS9H
060104|0801|0802|1604,070000,B0FFJND838
060104|0801|0802|1604,070000,B0FFFFH2BA
060104|0801|0802|1604,070000,B0FFHPF536
060104|0801|0802|1604,070000,B0FFFADN1R
060104|0801|0802|1604,070000,B0FFFABU4W
060104|0801|0802|1604,070000,B000ABCN51
060104|0801|0802|1604,070000,B000A9ZXU8
060104|0801|0802|1604,070000,B000ABCLRA
060104|0801|0802|1604,070000,B0FFFOXTC1
060104|0801|0802|1604,070000,B0FFFYTPP8
0801,070100,B0FFH13SHW
0801,070200,B000A85VRX
0801,070300,B0FFGXA8F4
0801,070300,B0FFK2TJ2H
0801,070300,B0FFH5SFFC
0801,070300,B0FFH5LUW2
0801,070306,B0FFHWO5X4
0801,070306,B0FFH5HX71
0801,070306,B000A7PW9P
0801,070306,B0FFH13O3F
0801,070306,B000A8WDHT
0801,070306,B000A8WE3Z
0801,070306,B0FFFADN3F
0801,070306,B0FFFOQZAB
0801,070306,B0FFFPZDF1
0801,070306,B0FFFADQ2R
0801,070306,B0FFFXR8CS
0801,070306,B0FFH0WBYX
0801,070306,B000A7ZSKS
0801,070306,B000A7PD22
0801,070306,B000A889H7
0801,070306,B0FFFADPTV
0801,070400,B0FFH1I7ZI
0801,070400,B000A9UHEB
0801,070500,B0FFHNWIC3
060104,071400,B0FFK2AJ40
060104,071400,B0FFIK8KZW
060104,071400,B0FFIAUM3C
070401|070402|0801|0804,080000,B0FFJ8AZS2
070401|070402|0801|0804,080000,B0FFHRJF93
070401|070402|0801|0804,080000,B0FFJG1KGP
070401|070402|0801|0804,080000,B0FFJ8AMY3
070401|070402|0801|0804,080000,B0FFKJARAY
070401|070402|0801|0804,080000,B0FFJ5OYEQ
070401|070402|0801|0804,080000,B0FFK0L944
070401|070402|0801|0804,080000,B0FFJ26DQ2
070401|070402|0801|0804,080000,B0FFG2WSS2
070401|070402|0801|0804,080000,B0FFI8VA9R
070401|070402|0801|0804,080000,B0FFJRI1L2
070401|070402|0801|0804,080000,B0FFIIXVJB
070401|070402|0801|0804,080000,B0FFF3VVGQ
070401|070402|0801|0804,080000,B0FFJ51Q75
070401|070402|0801|0804,080000,B0FFFFRY44
070401|070402|0801|0804,080000,B0FFIUVL9S
070401|070402|0801|0804,080000,B0FFF6YDY6
070401|070402|0801|0804,080000,B0FFICV7P4
070401|070402|0801|0804,080000,B0FFI9UCX7
070401|070402|0801|0804,080000,B0FFK4W8K7
070401|070402|0801|0804,080000,B0FFF4GS6U
070401|070402|0801|0804,080000,B0FFJ6WWT4
070401|070402|0801|0804,080000,B0FFKJ6RL9
070401,080102,B0FFFEZQII
070401,080110,B0FFFX481U
0804,080116,B000A9YUH1
0801,080300,B0FFFADQ4E
0804,080401,B000A7PWUN
0804,080401,B0FFH0WC2S
0804,080401,B0FFH507AK
0804,080401,B000A7Y7RY
0804,080401,B000A7YHFN
0804,080401,B000A9PTJ5
0804,080401,B000A8U7DF
0804,080401,B0FFFW5CQT
0804,080401,B000A80S94
0804,080401,B000A87Y5R
0804,080401,B0FFFAC9G4
0804,080401,B0FFG4LJ3I
0804,080401,B000A8WDFI
0804,080401,B000A7ZRN9
0804,080402,B0FFIXJDWR
0804,080500,B0FFG8888J
0804,080500,B0FFIBXGCW
0804,080500,B0FFIVMZN9
0804,080500,B0FFF4274T
0804,080500,B0FFFAG6X3
0804,080500,B0FFFADU7A
0804,080500,B0FFIBXQ38
0804,080500,B000AA1Y1Z
0804,080500,B000A9EUVX
0804,080500,B0FFH1BV61
0804,080500,B0FFF3Z1ZM
0804,080500,B0FFFEI9FU
0804,080500,B0FFFZA6S5
0804,080500,B0FFKFIXWE
0804,080500,B000AAASI9
0804,080500,B0FFF610JV
0804,080500,B000A9P8VX
0804,080500,B0FFF4274B
0804,080500,B0FFH4OE1D
0804,080500,B000AAEKBH
0804,080500,B0FFH5HSBE
0804,080500,B0FFFAPXUP
0804,080500,B0FFGJR9L1
0804,080500,B0FFFXIT86
0804,080500,B0FFFHCFH9
0804,080500,B0FFFW1UF1
0804,080500,B0FFG2SFSX
0804,080500,B0FFF610KH
0804,080500,B0FFH0WC20
0804,080500,B0FFF5Y0A1
0804,080500,B0FFFW6CI2
0804,080500,B0FFH12ZU3
0804,080500,B0FFH4K342
0804,080500,B0FFICYYKT
0804,080500,B0FFFADNUR
0804,080500,B0FFFXHG0P
0804,080500,B0FFGQ07HI
0804,080500,B0FFJ34FDC
0804,080500,B0FFI9U582
0804,080500,B0FFFADNKV
0804,080500,B0FFFXBKC5
0804,080500,B0FFFADNKR
0804,080500,B0FFFWUC3J
0804,080500,B0FFH5HW1Z
0804,080500,B000AA1Y2Q
0804,080500,B0FFFADNVT
0804,080500,B0FFH5HTTN
0804,080500,B0FFFALSZ1
0804,080500,B0FFF6BMVP
0804,080500,B0FFFADNVS
0804,080500,B0FFFADNV1
0804,080500,B0FFGCN6L0
0804,080500,B0FFGCN6NL
0804,080500,B0FFGPOBM5
0804,080500,B0FFG9IF8Q
0804,080500,B0FFIBXGCI
0804,080500,B0FFIBV1DC
0804,080500,B0FFHE9JL7
0804,080500,B0FFI206HK
0804,080500,B0FFHXGD04
0804,080500,B0FFFXF3OQ
0804,080500,B0FFIGJNNS
0804,080500,B0FFFADNWL
0804,080500,B0FFFAP6T5
0804,080500,B000AA1Y5A
0804,080500,B0FFFXF4OY
0804,080500,B0FFF5Y8SK
0804,080500,B0FFF6ZQOF
0804,080500,B0FFFADNUE
0804,080500,B0FFGX195C
0804,080500,B0FFG35LOV
0804,080500,B000AA4LA1
0804,080500,B0FFFEIGCW
0804,080500,B0FFI4SBKI
0804,080500,B0FFIY0K3E
0804,080500,B0FFFADQ33
0804,080500,B0FFH5HSH0
0804,080500,B0FFFADQ2Z
0804,080500,B0FFFXF6PT
0804,080500,B0FFH2QZ7U
0804,080500,B0FFF5REKN
0804,080500,B000AA4K9L
0804,080500,B0FFFEI9PQ
0804,080500,B0FFHQ764G
0804,080500,B0FFFADU7C
0804,080500,B0FFH5HWZF
0804,080500,B0FFFAGHXE
0804,080500,B0FFFADN2I
0804,080500,B0FFH5HTUO
0804,080500,B0FFFADN2U
0804,080500,B0FFF6104F
0804,080500,B0FFH5HU3Y
0804,080500,B0FFH5HT7M
0804,080500,B000A9R9R8
0804,080500,B000AA1Y13
0804,080500,B000A8WE85
0804,080500,B0FFFAM82G
0804,080500,B0FFH5LPYH
0804,080500,B0FFK0KA67
0804,080500,B0FFG863G6
0804,080500,B0FFFADQ3I
0804,080500,B0FFH1IEPL
0804,080500,B0FFFAOW2Z
0804,080500,B000ABCLRI
0804,080500,B0FFFAC2QR
0804,080500,B000AA4IRL
0804,080500,B0FFF3Z1ZQ
0804,080500,B0FFG2OSBE
0804,080500,B0FFFAC4XH
0804,080500,B0FFF58QE1
0804,080500,B000A80S9C
0804,080500,B0FFFADQ49
0804,080500,B0FFFADPU6
0804,080500,B0FFFADPU9
0804,080500,B0FFFADQ3C
0804,080500,B0FFFADNJR
0804,080500,B0FFFADNJU
0804,080500,B000A80S96
0804,080500,B0FFFADNJW
0804,080500,B0FFJGBDOV
0804,080500,B000A80S97
0804,080500,B0FFFADQ46
0804,080500,B000A9ETVD
0804,080500,B000AA1XZ2
0804,080500,B0FFH5LPYF
0804,080500,B0FFFADQ42
0804,080500,B0FFFXH7U6
0804,080500,B000A9EUFZ
0804,080500,B0FFFADQ3O
0804,080500,B0FFIBV6SB
0804,080500,B0FFJRRMHR
0804,080500,B0FFFADNK4
0804,080500,B000A80S9A
0804,080500,B0FFFADQ3L
0804,080500,B0FFFADQ43
0804,080500,B000A80S92
0804,080500,B000A80S91
0804,080500,B0FFHVOX67
0804,080500,B0FFHF1GDX
0804,080500,B0FFFAC4XY
0804,080500,B0FFFEIJ5F
0804,080500,B0FFH5SDS7
0804,080500,B0FFH5SDEW
0804,080500,B0FFFADN3Q
0804,080500,B0FFFADN3V
0804,080500,B0FFFADN45
0804,080500,B0FFF3S2VP
0804,080500,B0FFG4PRRX
0804,080500,B0FFF3SVMF
0804,080500,B0FFFADPU2
0804,080500,B0FFGSTV5K
0804,080500,B0FFFWIUW7
0804,080500,B0FFF9RZ21
0804,080500,B0FFFADPTI
0804,080500,B0FFFADNJE
0804,080500,B0FFFW5CFM
0804,080500,B000A9EUM9
0804,080500,B0FFGCWDRT
0804,080500,B0FFH71MJL
0804,080500,B0FFFADPU4
0804,080500,B0FFH71AGX
0804,080500,B0FFH70X20
0804,080500,B0FFF45QS1
0804,080500,B0FFFXXGXT
0804,080500,B0FFIGJSHF
0804,080500,B0FFFADPTR
0804,080500,B0FFFADDB3
0804,080500,B0FFFADNJF
0804,080500,B0FFFXGHQX
0804,080500,B0FFFADNJ2
0804,080500,B0FFH0T89Y
0804,080500,B0FFGXD3IK
0804,080500,B0FFG2WO07
0804,080500,B0FFFADNJ4
0804,080500,B0FFFW1TZ7
0804,080500,B0FFH9MDBN
0804,080500,B0FFFADNUM
0804,080500,B0FFFXCQRZ
0804,080500,B0FFFADNJ8
0804,080500,B0FFGIS0WO
0804,080500,B000AA4LOA
0804,080500,B0FFFEIKJR
0804,080500,B0FFH5HSH6
0804,080500,B0FFFADNIY
0804,080500,B0FFF5ZPUR
0804,080500,B0FFFADNJH
0804,080501,B0FFFOOF7J
0804,080501,B0FFI047CG
0804,080502,B0FFFADNKN
0804,080502,B0FFFAOUW3
0804,080502,B0FFFADNKI
0804,080502,B0FFFFS2U3
0804,080502,B0FFFFSMUQ
0804,080503,B0FFFD4C8M
0804,080503,B0FFG6RBC5
0804,080505,B0FFFQGRVH
0804,080505,B0FFH5HX7F
0804,080505,B0FFH5HVT2
0804,080505,B000A80S90
0804,080505,B000A9JU5B
0804,080505,B0FFGYZ3ZF
0804,080505,B0FFFW49B3
070501|070502|0801|0806,090000,B0FFFP3R4X
070501,090102,B000A87XCO
070501,090102,B0FFFADNWI
070501,090102,B0FFFADN2R
070501,090300,B0FFH1I5XC
070501,090300,B0FFJRTV2H
070501,090300,B0FFJRV4TK
070501,090300,B0FFH5SE5M
070501,090300,B000A8870E
070501,090300,B0FFJRWJBW
070501,090300,B000A9EU5L
0806,090700,B0FFJO81R7
0801,100000,B0FFFW1U2A
0801,100000,B0FFG84N49
0801,100000,B0FFJ9DPTD
0801,100000,B0FFJ9CA79
0801,100000,B0FFI9OCCS
0801,100000,B0FFI6B4HM
0801,100000,B0FFK978HZ
0801,100000,B0FFIR0GTK
0801,100000,B0FFJO3ZBN
0801,100000,B0FFF7429D
0801,100000,B0FFIG2E8P
0801,100000,B0FFG7XV3H
0801,100000,B0FFKJ9JPM
0801,100000,B0FFIBJH72
0801,100000,B000A848UP
0801,100000,B0FFG59ST9
0801,100000,B0FFIL3WCF
0801,100000,B0FFIBQVVI
0801,100000,B0FFK735Y4
0801,100000,B0FFIG4MOK
0801,100000,B0FFGJ3J0G
0801,100000,B0FFHSL7JB
0801,100000,B0FFGAMSIU
0801,100000,B0FFJ5YX8B
0801,100000,B0FFI1WYY8
0801,100000,B0FFF60ZYQ
0801,100000,B0FFG2RCRF
0801,100000,B0FFHH40C9
0801,100000,B0FFF4SVH7
0801,100000,B0FFHHUDV4
0801,100000,B0FFGIP3UT
0801,100000,B0FFGWJB5D
0801,100000,B0FFF83EG6
0801,100000,B0FFJ1UC2P
0801,100000,B0FFJ6IYZS
0801,100000,B0FFFWYTQF
0801,100000,B0FFFEMW8B
0801,100000,B0FFFGF6PE
0801,100000,B0FFIQ93I5
0801,100000,B0FFHX7NP7
0801,100000,B0FFGLLDAG
0801,100000,B0FFFRM3V1
0801,100000,B0FFFAPPSX
0801,100000,B0FFF34WW4
0801,100000,B0FFF675B6
0801,100000,B0FFFEMU4K
0801,100000,B0FFF86PT8
0801,100000,B000AA4JCW
0801,100000,B0FFF70480
0801,100000,B0FFG2OSBP
0801,100000,B0FFHYDAI9
0801,100000,B0FFF9RYUU
0801,100000,B0FFJH1PNA
0801,100000,B0FFJONSVN
0801,100000,B0FFFXCAMQ
0801,100000,B0FFG2N9LS
0801,100000,B0FFFALRIM
0801,100000,B0FFG586P1
0801,100000,B0FFGPZDAS
0801,100000,B0FFF05W4E
0801,100000,B0FFJYYC6P
0801,100000,B0FFF2NNUA
0801,100000,B0FFFHAF70
0801,100000,B0FFJ9O57B
0801,100000,B0FFI5QLVE
0801,100000,B0FFHCDZ8M
0801,100000,B0FFGOM65V
0801,100000,B0FFI5SKGO
0801,100000,B0FFGNNRTP
0801,100000,B0FFGY58B4
0801,100000,B0FFGSJ09D
0801,100000,B0FFJKNRGT
0801,100000,B0FFGPHAB7
0801,100000,B0FFIY4YTD
0801,100000,B0FFG585CP
0801,100000,B0FFGSPWGV
0801,100000,B0FFIGI200
0801,100100,B000A9OYXV
0801,100100,B000A889F1
0801,100100,B0FFG1J4A9
0801,100100,B0FFH149VN
0801,100100,B000A7YAQZ
0801,100100,B0FFHUNBCZ
0801,100100,B0FFHVE6QL
0801,100100,B0FFF53FP8
0801,100100,B000A8VU9H
0801,100104,B000A7ZSKR
0801,100104,B000A7WBEQ
0801,100200,B0FFH1BU38
0801,100200,B000A887BP
0801,100200,B0FFG8N9PH
0801,100200,B0FFGCMNWG
0801,100200,B0FFFACIFK
0801,100200,B0FFHWOE15
0801,100200,B0FFK0N8A9
0801,100200,B0FFHEF5NG
0801,100200,B0FFG2M642
0801,100200,B0FFH9HOUB
0801,100200,B0FFH0X57S
0801,100200,B0FFFAMFC8
0801,100200,B0FFH0WBK4
0801,100200,B0FFH0ZES6
0801,100200,B0FFH0Y5XY
0801,100200,B0FFGLFEMD
0801,100200,B0FFGLQ8OB
0801,100200,B0FFJRT1PB
0801,100200,B0FFIAN46U
0801,100200,B000ABCLRG
0801,100200,B0FFFAC9FD
0801,100200,B0FFH6CJTL
0801,100200,B0FFFAC9FL
0801,100200,B0FFFAC2QI
0801,100200,B0FFIAQH9V
0801,100200,B0FFFABU37
0801,100200,B0FFIRVLLC
0801,100200,B0FFFADN4B
0801,100200,B0FFFADNUN
0801,100200,B0FFFADPTY
0801,100200,B0FFHSBG49
0801,100200,B0FFIAUQW5
070201|0804|1301|1303|1602|1606,110000,B0FFI2WLZ7
070201|0804|1301|1303|1602|1606,110000,B000A9JU5Q
070201|0804|1301|1303|1602|1606,110000,B0FFI74KJU
070201|0804|1301|1303|1602|1606,110000,B0FFG6RJDL
070201|0804|1301|1303|1602|1606,110000,B0FFGH5L19
070201|0804|1301|1303|1602|1606,110000,B0FFG5CGMC
070201|0804|1301|1303|1602|1606,110000,B0FFFP2SSB
070201|0804|1301|1303|1602|1606,110000,B000A9JU5S
070201|0804|1301|1303|1602|1606,110000,B0FFFOR2A8
070201|0804|1301|1303|1602|1606,110000,B0FFG6RBC4
070201|0804|1301|1303|1602|1606,110000,B0FFG6RBC3
070201|0804|1301|1303|1602|1606,110000,B0FFGXM1CU
070201|0804|1301|1303|1602|1606,110000,B0FFH6ZWIN
070201|0804|1301|1303|1602|1606,110000,B0FFG2WFO0
070201|0804|1301|1303|1602|1606,110000,B000A9JU5U
070201|0804|1301|1303|1602|1606,110000,B0FFFP0I23
070201|0804|1301|1303|1602|1606,110000,B0FFFOTYSW
070201|0804|1301|1303|1602|1606,110000,B0FFKF2E06
070201|0804|1301|1303|1602|1606,110000,B0FFFP1NSF
070201|0804|1301|1303|1602|1606,110000,B0FFFOO33Y
070201|0804|1301|1303|1602|1606,110000,B0FFFOPJCM
070201|0804|1301|1303|1602|1606,110000,B0FFFXFLXI
070201|0804|1301|1303|1602|1606,110000,B0FFFOQDZ4
070201|0804|1301|1303|1602|1606,110000,B0FFFOXDD2
070201|0804|1301|1303|1602|1606,110000,B0FFFOU5PH
070201|0804|1301|1303|1602|1606,110000,B0FFFOHXUH
070201|0804|1301|1303|1602|1606,110000,B0FFFOZDDZ
070201|0804|1301|1303|1602|1606,110000,B0FFG6RBCJ
070201|0804|1301|1303|1602|1606,110000,B0FFFOWL4V
070201|0804|1301|1303|1602|1606,110000,B0FFFP5GK7
070201|0804|1301|1303|1602|1606,110000,B0FFH2O8D4
070201|0804|1301|1303|1602|1606,110000,B0FFFOMXBZ
070201|0804|1301|1303|1602|1606,110000,B0FFFOVQY6
070201|0804|1301|1303|1602|1606,110000,B0FFFOOE1M
070201|0804|1301|1303|1602|1606,110000,B0FFFP2JM5
070201|0804|1301|1303|1602|1606,110000,B0FFFP55PI
070201|0804|1301|1303|1602|1606,110000,B0FFFOUC47
070201|0804|1301|1303|1602|1606,110000,B0FFFOQ06X
070201|0804|1301|1303|1602|1606,110000,B0FFFONZNK
070201|0804|1301|1303|1602|1606,110000,B0FFFOP4MI
070201|0804|1301|1303|1602|1606,110000,B0FFFOTRSO
070201|0804|1301|1303|1602|1606,110000,B0FFK4KBLC
070201|0804|1301|1303|1602|1606,110000,B0FFFOTYDE
070201|0804|1301|1303|1602|1606,110000,B0FFFOQ6GL
070201|0804|1301|1303|1602|1606,110000,B0FFFORT5C
070201|0804|1301|1303|1602|1606,110000,B0FFFP4OTO
070201|0804|1301|1303|1602|1606,110000,B0FFFOYYJJ
070201|0804|1301|1303|1602|1606,110000,B0FFFP1RZO
070201|0804|1301|1303|1602|1606,110000,B0FFIALR85
070201|0804|1301|1303|1602|1606,110000,B0FFFP545H
070201|0804|1301|1303|1602|1606,110000,B0FFFOU8HD
070201|0804|1301|1303|1602|1606,110000,B0FFFOQ7OF
070201|0804|1301|1303|1602|1606,110000,B0FFFOZAZU
070201|0804|1301|1303|1602|1606,110000,B0FFFONWB5
070201|0804|1301|1303|1602|1606,110000,B0FFFP33BB
070201|0804|1301|1303|1602|1606,110000,B0FFFOONSL
070201|0804|1301|1303|1602|1606,110000,B0FFFOHZOJ
070201|0804|1301|1303|1602|1606,110000,B0FFGY56I3
070201|0804|1301|1303|1602|1606,110000,B0FFFP24BG
070201|0804|1301|1303|1602|1606,110000,B0FFFOUPFF
070201|0804|1301|1303|1602|1606,110000,B0FFFOWDVN
070201|0804|1301|1303|1602|1606,110000,B0FFFOW6AD
070201|0804|1301|1303|1602|1606,110000,B0FFFONE7Q
070201|0804|1301|1303|1602|1606,110000,B0FFFOI7NN
070201|0804|1301|1303|1602|1606,110000,B0FFFOIBRI
070201|0804|1301|1303|1602|1606,110000,B0FFFP0LEH
070201|0804|1301|1303|1602|1606,110000,B0FFFOILX0
070201|0804|1301|1303|1602|1606,110000,B0FFFONJ6Z
070201|0804|1301|1303|1602|1606,110000,B0FFFOT2W6
070201|0804|1301|1303|1602|1606,110000,B0FFG6RBC7
070201|0804|1301|1303|1602|1606,110000,B0FFFOT7M9
070201|0804|1301|1303|1602|1606,110000,B0FFG6KUJO
070201|0804|1301|1303|1602|1606,110000,B0FFG6PTQU
070201|0804|1301|1303|1602|1606,110000,B0FFHPBZPX
070201|0804|1301|1303|1602|1606,110000,B000A9LFT1
070201|0804|1301|1303|1602|1606,110000,B0FFFQPLVS
070201|0804|1301|1303|1602|1606,110000,B0FFFOH03B
070201|0804|1301|1303|1602|1606,110000,B0FFG6RBC6
070201|0804|1301|1303|1602|1606,110000,B0FFFOWTTW
070201|0804|1301|1303|1602|1606,110000,B0FFFOMV67
1301,110101,B000A887BN
1301,110101,B0FFH12Y44
1301,110101,B0FFF2EM3S
1301,110101,B0FFF5Y40D
1303,110105,B0FFFADNUA
070201|0804|1602|1606,110200,B000A7VPIJ
070201|0804|1602|1606,110200,B0FFG78FZP
070201|0804|1602|1606,110200,B0FFG2WEH9
070201|0804|1602|1606,110200,B0FFFOXA8S
070201|0804|1602|1606,110200,B000A9LF0K
070201|0804|1602|1606,110200,B000A831TR
070201|0804|1602|1606,110200,B0FFFOKUF1
070201|0804|1602|1606,110200,B000A5A722
070201|0804|1602|1606,110200,B000A8WDTK
070201|0804|1602|1606,110200,B0FFHPEQGL
070201|0804|1602|1606,110200,B0FFFPTS0U
070201|0804|1602|1606,110200,B0FFFXS992
070201|0804|1602|1606,110200,B000A9JUOV
070201|0804|1602|1606,110200,B0FFH5HX06
070201|0804|1602|1606,110200,B000A9EU33
070201|0804|1602|1606,110200,B0FFH24B5G
070201|0804|1602|1606,110200,B0FFHSSIYJ
070201|0804|1602|1606,110200,B0FFI7QQJS
070201|0804|1602|1606,110200,B0FFFOZWAN
070201|0804|1602|1606,110200,B0FFH5HTJR
070201|0804|1602|1606,110200,B0FFI6BU2Z
070201|0804|1602|1606,110200,B0FFH7QQ46
070201|0804|1602|1606,110200,B0FFFADQ2T
070201|0804|1602|1606,110200,B0FFFP03T0
070201|0804|1602|1606,110200,B0FFGY2PVW
070201|0804|1602|1606,110200,B0FFFP0752
070201|0804|1602|1606,110200,B0FFFXE22W
070201|0804|1602|1606,110200,B0FFFADQ2P
070201|0804|1602|1606,110200,B000A9JU5O
070201|0804|1602|1606,110200,B0FFJIM9X5
070201|0804|1602|1606,110200,B0FFH5LQQK
070201|0804|1602|1606,110200,B000A9JS72
070201|0804|1602|1606,110200,B000A87VYB
070201|0804|1602|1606,110200,B000ABCLRM
070201|0804|1602|1606,110200,B0FFFABU3Q
070201|0804|1602|1606,110200,B000A08889
070201|0804|1602|1606,110200,B000A9PJ49
070201|0804|1602|1606,110200,B000A9PIFK
070201|0804|1602|1606,110200,B000A9PJ16
070201|0804|1602|1606,110200,B000A9PIMW
070201|0804|1602|1606,110200,B000A9PHY9
070201|0804|1602|1606,110200,B000A7YC7D
070201|0804|1602|1606,110200,B000A9PIOT
070201|0804|1602|1606,110200,B000A81KSD
070201|0804|1602|1606,110200,B0FFFQZMQS
070201|0804|1602|1606,110200,B000A7ZSKT
070201|0804|1602|1606,110200,B0FFFOXQ86
070201|0804|1602|1606,110200,B0FFFP2DTP
070201|0804|1602|1606,110200,B0FFFOQH6F
070201|0804|1602|1606,110200,B0FFFOUGSA
070201|0804|1602|1606,110200,B0FFG51B8W
070201|0804|1602|1606,110200,B000A80IK5
070201|0804|1602|1606,110200,B0FFILFOV6
070201|0804|1602|1606,110200,B000A9PIG8
070201|0804|1602|1606,110200,B000A9PIS1
070201|0804|1602|1606,110200,B000A9PJ2P
070201|0804|1602|1606,110200,B000A9PIRF
070201|0804|1602|1606,110200,B000A9PJ6D
070201|0804|1602|1606,110200,B000A9PITN
070201|0804|1602|1606,110200,B000A9PJ3Z
070201|0804|1602|1606,110200,B000A9PIPE
070201|0804|1602|1606,110200,B000A9PI7C
070201|0804|1602|1606,110200,B000A9PJ2Y
070201|0804|1602|1606,110200,B000A9PI6U
070201|0804|1602|1606,110200,B000A9PIQI
070201|0804|1602|1606,110200,B000A9PJ3C
070201|0804|1602|1606,110200,B000A9PIEF
070201|0804|1602|1606,110200,B000A9PHVI
070201|0804|1602|1606,110200,B000A9PIV9
070201|0804|1602|1606,110200,B000A9PIOK
070201|0804|1602|1606,110200,B000A9PJ5G
070201|0804|1602|1606,110200,B000A9PIRR
070201|0804|1602|1606,110200,B000A9PIP1
070201|0804|1602|1606,110200,B000A9PISU
070201|0804|1602|1606,110200,B000A9PI0U
070201|0804|1602|1606,110200,B000A9PINM
070201|0804|1602|1606,110200,B000A9PI7P
070201|0804|1602|1606,110200,B000A9PIGI
070201|0804|1602|1606,110200,B000A9PJ3H
070201|0804|1602|1606,110200,B000A9PI69
070201|0804|1602|1606,110200,B000A9PHSY
070201|0804|1602|1606,110200,B000A9PIPL
070201|0804|1602|1606,110200,B000A9PHVG
070201|0804|1602|1606,110200,B000A9PIO4
070201|0804|1602|1606,110200,B000A9PI3R
070201|0804|1602|1606,110200,B000A9PIZ0
070201|0804|1602|1606,110200,B000A9PINL
070201|0804|1602|1606,110200,B000A9PID1
070201|0804|1602|1606,110200,B000A9PIO8
070201|0804|1602|1606,110200,B000A9PI76
070201|0804|1602|1606,110200,B000A9PI4Y
070201|0804|1602|1606,110200,B0FFI0VXQT
070201|0804|1602|1606,110200,B0FFFONDHJ
070201|0804|1602|1606,110200,B0FFH16Q4M
070201|0804|1602|1606,110200,B0FFFOUS26
070201|0804|1602|1606,110200,B0FFFPWZPT
070201|0804|1602|1606,110200,B0FFFOWC8M
070201|0804|1602|1606,110200,B0FFFOO9KW
070201|0804|1602|1606,110200,B0FFFOU143
070201|0804|1602|1606,110200,B0FFFP1L17
070201|0804|1602|1606,110200,B0FFFOSQBL
070201|0804|1602|1606,110200,B0FFH5SA8I
070201|0804|1602|1606,110200,B0FFG2WJU9
070201|0804|1602|1606,110200,B0FFFOIB35
070201|0804|1602|1606,110200,B0FFG8YYCV
070201|0804|1602|1606,110200,B0FFFADNJQ
070201|0804|1602|1606,110200,B0FFG65O2C
070201|0804|1602|1606,110200,B0FFFOXQRO
070201|0804|1602|1606,110200,B0FFFOI5KU
070201|0804|1602|1606,110200,B0FFFP4D3E
070201|0804|1602|1606,110200,B0FFFP3V4K
1606,110202,B000A887BR
070201,110204,B000A889WN
070201,110204,B000A84ZK1
1602,110205,B0FFGRMXVT
1602,110205,B000A7ZRNA
0804,110209,B0FFIAJDCH
060101|060102|060103|060104|070301|070302|070303|070304|0802,120000,B0FFHR2NWF
060101|060102|060103|060104|070301|070302|070303|070304|0802,120000,B0FFKITOJC
060101|060102|060103|060104|070301|070302|070303|070304|0802,120000,B0FFHU7C3L
060101|060102|060103|060104|070301|070302|070303|070304|0802,120000,B0FFGVVZF0
060101|060102|060103|060104|070301|070302|070303|070304|0802,120000,B0FFG2M6AA
060101|060102|060103|060104|070301|070302|070303|070304|0802,120000,B0FFFOTVZO
060101|060102|060103|060104|070301|070302|070303|070304|0802,120000,B0FFIVNGHV
060101|060102|060103|060104|070301|070302|070303|070304|0802,120000,B0FFIJPQD7
060101|060102|060103|060104|070301|070302|070303|070304|0802,120000,B0FFKK8DZX
060101|060102|060103|060104|070301|070302|070303|070304,120300,B0FFK7PGKK
060101|060102|060103|060104|070301|070302|070303|070304,120300,B0FFH1ZVXT
060101|060102|060103|060104|070301|070302|070303|070304,120300,B0FFFXFONO
060101|060102|060103|060104|070301|070302|070303|070304,120300,B0FFKFJ8KW
060101|060102|060103|060104|070301|070302|070303|070304,120300,B0FFHXCXW1
060101|060102|060103|060104,120301,B0FFGIVREI
060101|060102|060103|060104,120301,B0FFFOX4FE
060104,120304,B0FFJO81R1
060104,120304,B0FFH1XLL7
0701|0708,130000,B0FFKIQD7M
0701,130100,B000A7OH9O
0701,130100,B0FFH0WBVL
0701,130100,B0FFK864NO
0701,130100,B0FFK8FBZC
0701,130100,B000A9QYTC
0701,130100,B0FFK89Z0E
0701,130100,B0FFK7YE9M
0701,130100,B0FFJ491F8
0701,130100,B0FFKCHQ4N
0701,130105,B000A9QXZG
0701,130105,B0FFJG6RRV
0701,130105,B000A9QYRC
0701,130106,B0FFIA51QF
0701,130106,B000A85XRM
0701,130106,B000A85XRK
0701,130106,B0FFFABZ3P
0701,130106,B000A85XRL
0701,130106,B0FFH12CR8
0701,130106,B000A9JUWY
0701,130106,B000A9JSK7
0701,130106,B000A9JTXN
0701,130106,B0FFJOASVV
0701,130106,B0FFJO81R2
0701,130106,B0FFFADNWE
0701,130106,B0FFFXDQDP
0701,130106,B0FFH5HS6U
0701,130106,B0FFFADN1T
0701,130106,B000A9JSF9
0701,130106,B000A8WD87
0701,130106,B000A8WE2G
0701,130106,B0FFH1ICIE
0701,130106,B0FFH1IEUC
0701,130106,B000A87VWV
0701,130106,B000A88812
0701,130106,B000A8870B
0701,130106,B000A8870F
0701,130106,B000A8870C
0701,130106,B000A9JUX0
0701,130106,B000A9EU94
0701,130106,B000A9EUM1
0701,130400,B000A85FI3
0701,130400,B000A85XRO
0701,130400,B0FFFACIGD
0701,130400,B000A9ZY2I
0701,130400,B0FFFABU56
0701,130400,B000A8WE5E
0701,130400,B000A8WDLG
0701,130400,B0FFFAC9F0
0701,130400,B0FFFAC2Q6
0701,130403,B0FFFADN2F
0701,130403,B0FFFADN23
0701,130407,B000A886VU
0701,130407,B000A887XG
0701,130407,B000A8877Q
0701,130500,B0FFIY0H8X
0701,130601,B0FFHITWQB
0701,130601,B000A887XE
060104|070201|070202|070301|070302|070303|070304|0707|0802|0806|1107|1207,140000,B0FFIPCUKG
060104|070201|070202|070301|070302|070303|070304|0707|0802|0806|1107|1207,140000,B0FFF88D5U
060104|070201|070202|070301|070302|070303|070304|0707|0802|0806|1107|1207,140000,B0FFHJGCSV
060104|070201|070202|070301|070302|070303|070304|0707|0802|0806|1107|1207,140000,B0FFFXF6LT
060104|070201|070202|070301|070302|070303|070304|0707|0802|0806|1107|1207,140000,B0FFGBC2H7
070201,140100,B0FFG8XO2R
070201,140100,B000A84ZRU
070201,140200,B0FFGYXFL4
060104|070301|070302|070303|070304,141200,B000A7RCE6
070303,141203,B000A7Q53V
070303,141203,B000A7Q4NG
070303,141203,B000AA4KF8
070303,141203,B000A7PFK6
070301,141205,B0FFFACIGO
0707,141300,B000A7RBOC
0707,141300,B000A887BQ
0806,141400,B000A889DI
1104,150200,B000AA89JB
1104,150300,B0FFFP3D14
1104,150400,B000A8WDOJ
1104,150400,B000A88746
1104,150400,B000A8WCNT
1104,150400,B000A8WE65
1104,150400,B000A88813
1104,150400,B000A9EUMB
1104,150700,BV10012781
1104,150700,BV10003370
1104,150700,BV10897350
1104,150700,BV10336493
1104,150700,BV10999094
1104,150700,BV10809552
1104,150700,BV10336767
1104,150700,BV10436557
1104,150700,BV10993788
1104,150700,BV10582217
1104,150700,BV10003372
1104,150700,BV10541296
1104,150700,BV10582218
1104,150700,BV10994118
1104,150700,BV10012779
1104,150700,BV10782346
1104,150700,BV10994116
1104,150700,BV10003366
1104,150700,BV10813687
1104,150700,BV10436571
1104,150700,BV10534140
1104,150700,BV10534135
1104,150700,BV10501147
1104,150700,BV10805307
1104,150700,BV10003367
1104,150700,BV10336769
1104,150700,BV10012766
1104,150700,BV10012765
1104,150700,BV10399968
1104,150700,BV10399969
1104,150700,BV10788972
1104,150700,BV10012777
1104,150700,BV11111984
1104,150700,BV10010847
1104,150700,BV10010848
1104,150700,BV10468889
1104,150700,BV10813688
1104,150700,BV10788973
1104,150700,BV10012769
1104,150700,BV10012776
1104,150700,BV10500756
1104,150700,BV11115365
1104,150700,BV10003369
1104,150700,BV10010846
1104,150700,BV10010845
1104,150700,BV10012770
1104,150700,BV10012771
1104,150700,BV10012773
1104,150700,BV10012772
1104,150700,BV10012774
1104,150700,BV10534139
1104,150700,BV10336950
1104,150700,BV10993167
1104,150700,BV10003387
1104,150700,BV10993165
1104,150700,BV10993164
1104,150700,BV10336610
1104,150700,BV10003386
1104,150700,BV10003357
1104,150700,BV10997755
1104,150700,BV10003358
1104,150700,BV10003359
1104,150700,BV10010844
1104,150700,BV11060447
1104,150700,BV10012745
1104,150700,BV10335875
1104,150700,BV10012741
1104,150700,BV10995071
1104,150700,BV11121707
1104,150700,BV10336609
1104,150700,BV10993168
1104,150700,BV10003361
1104,150700,BV10345752
1104,150700,BV10997789
1104,150700,BV10430670
1104,150700,BV10997788
1104,150700,BV10345755
1104,150700,BV10010843
1104,150700,BV11060448
1104,150700,BV10810247
1101|110502,150900,B0FFHWO620
1101|110502,150900,B0FFFX7EVG
110502,150904,B000A82G21
110502,150904,B0FFFFVD7F
110502,150904,B0FFH1I6MM
110502,150904,B000A8TYLZ
110502,150904,B000A8TYLX
110502,150904,B0FFH0WBXF
110502,150904,B0FFFX6EUF
110502,150904,B000AA43R0
110502,150904,B000A8WDPK
110502,150904,B0FFH5HSET
110502,150904,B0FFFJA3F0
110502,150904,B0FFH5HSGD
110502,150904,B0FFFOY3MV
110502,150904,B0FFH5HW3W
110502,150904,B0FFFX9CRZ
110502,150904,B0FFH5HSC3
110502,150904,B0FFFABU5J
110502,150904,B0FFFADNKP
110502,150904,B000A8WDCL
110502,150904,B0FFFAC9HE
110502,150904,B000ABCLRO
110502,150904,B0FFFADPUC
110502,150904,B0FFH5SDEE
110502,150904,B0FFH5SCE0
110502,150904,B0FFFPAYT7
110502,150904,B0FFFX97UT
110502,150904,B0FFHKEHTP
110502,150904,B000A7X9YS
110502,150904,B000A80SY3
110502,150904,B0FFH5LUHH
110502,150904,B0FFH5SDQ0
110502,150904,B0FFFADNJO
110502,150904,B0FFFADNUL
110502,150909,B0FFH12VK5
110502,150909,B0FFHQ7UIZ
0802,160149,B000A7VS07
0101|0102|0103|0201|0204|0301|0302|0303|0304|0401|0402|0501|0502|0503|0504|0505|0802|0901|0902|0903,170000,B0FFG4PRPN
0101|0102|0103|0201|0204|0301|0302|0303|0304|0401|0402|0501|0502|0503|0504|0505|0802|0901|0902|0903,170000,B0FFI74D69
0101|0102|0103|0201|0204|0301|0302|0303|0304|0401|0402|0501|0502|0503|0504|0505|0802|0901|0902|0903,170000,B0FFIV8WQS
0101|0102|0103|0201|0204|0301|0302|0303|0304|0401|0402|0501|0502|0503|0504|0505|0802|0901|0902|0903,170000,B0FFFOYKJA
0802|0901|0902|0903,170200,B000A9Q32F
0802|0901|0902|0903,170200,B0FFG9K57R
0802|0901|0902|0903,170200,B0FFHODUGM
0802|0901|0902|0903,170200,B0FFH17ENC
0802,170207,B000ABCLRD
0901|0902|0903,170300,B000A85XRJ
0901|0902|0903,170300,B000A87YHL
0101|0102|0103|0201|0204|0301|0302|0303|0304|0401|0402|0501|0502|0503|0504|0505,170400,B000A85FI1
0101|0102|0103|0201|0204|0301|0302|0303|0304|0401|0402|0501|0502|0503|0504|0505,170400,B0FFFAC75O
0101|0102|0103|0201|0204|0301|0302|0303|0304|0401|0402|0501|0502|0503|0504|0505,170400,B000A8884D
0101|0102|0103|0201|0204|0301|0302|0303|0304|0401|0402|0501|0502|0503|0504|0505,170400,B000A887XD
0101|0102|0103|0201|0204|0301|0302|0303|0304|0401|0402|0501|0502|0503|0504|0505,170400,B0FFFADNJZ
,190106,B000A8VJK1
060201|060202|060203|060204,190108,B0FFF9ZWXZ
060201|060202|060203|060204,190108,B000A7ZXRG
060201|060202|060203|060204,190108,B000A7ZXRI
060201|060202|060203|060204,190108,B000A7ZXSV
060201|060202|060203|060204,190108,B0FFG7BQY5
060201|060202|060203|060204,190108,B000A7ZXSP
060201|060202|060203|060204,190108,B000AA5H10
060201|060202|060203|060204,190108,B0FFGZUN1Q
060201|060202|060203|060204,190108,B000A7ZXSQ
060201|060202|060203|060204,190108,B000AA5FDK
060201|060202|060203|060204,190108,B000AA5FDU
060201|060202|060203|060204,190108,B000A7ZXST
060201|060202|060203|060204,190108,B0FFJRYPZR
060201|060202|060203|060204,190108,B000A7ZXSO
060201|060202|060203|060204,190108,B000A7ZXSN
060201|060202|060203|060204,190108,B000A7ZXRL
060201|060202|060203|060204,190108,B000A7ZXRJ
060201|060202|060203|060204,190108,B0FFIKBB4B
060201|060202|060203|060204,190108,B000AA5FJE
060201|060202|060203|060204,190108,B000A80359
060201|060202|060203|060204,190108,B000A854MV
060201|060202|060203|060204,190108,B000A8647A
060201|060202|060203|060204,190108,B000AA5F0B
060201|060202|060203|060204,190108,B000A7ZYZQ
060201|060202|060203|060204,190108,B000AA5F3E
060201|060202|060203|060204,190108,B000A7ZYYV
060201|060202|060203|060204,190108,B0FFG7BNJ2
060201|060202|060203|060204,190108,B0FFG7BNM6
060201|060202|060203|060204,190108,B000AA5FLZ
060201|060202|060203|060204,190108,B000A7ZYIW
060201|060202|060203|060204,190108,B000A7ZXTA
060201|060202|060203|060204,190108,B000A7ZXTF
060201|060202|060203|060204,190108,B000A802RC
060201|060202|060203|060204,190108,B000A854MW
060201|060202|060203|060204,190108,B000A778DF
060201|060202|060203|060204,190108,B000A7ZZE6
060201|060202|060203|060204,190108,B000A7ZZE1
060201|060202|060203|060204,190108,B000AA5F31
060201|060202|060203|060204,190108,B000AA5H0R
060201|060202|060203|060204,190108,B000A0AD38
060201|060202|060203|060204,190108,B000A7ZYIY
060201|060202|060203|060204,190108,B000A7ZYIU
060201|060202|060203|060204,190108,B000A7ZY5Y
060201|060202|060203|060204,190108,B000A7ZXTJ
060201|060202|060203|060204,190108,B000A7ZXT8
060201|060202|060203|060204,190108,B000A7ZXSW
060201|060202|060203|060204,190108,B000A86462
060201|060202|060203|060204,190108,B000A7ZYZN
060201|060202|060203|060204,190108,B000AA5F09
060201|060202|060203|060204,190108,B000A0A7B7
060201|060202|060203|060204,190108,B000A7ZYZR
060201|060202|060203|060204,190108,B000A7ZYZO
060201|060202|060203|060204,190108,B000A7ZYZS
060201|060202|060203|060204,190108,B000A7ZYZL
060201|060202|060203|060204,190108,B000A7ZYYX
060201|060202|060203|060204,190108,B000A7ZYZD
060201|060202|060203|060204,190108,B000AA5FJ9
060201|060202|060203|060204,190108,B000A7ZYIG
060201|060202|060203|060204,190108,B000A7ZY5Q
060201|060202|060203|060204,190108,B000A7ZY5L
060201|060202|060203|060204,190108,B000A0B210
060201|060202|060203|060204,190108,B000A7ZXT9
060201|060202|060203|060204,190108,B000A7ZXT1
060201|060202|060203|060204,190108,B000A7ZXT4
060201|060202|060203|060204,190108,B000A7ZXT2
060201|060202|060203|060204,190108,B000AA5FWD
060201|060202|060203|060204,190108,B000A802R4
060201|060202|060203|060204,190108,B000A854VW
060201|060202|060203|060204,190108,B000AA5EVW
060201|060202|060203|060204,190108,B000AA5EVY
060201|060202|060203|060204,190108,B000A7ZZE4
060201|060202|060203|060204,190108,B000AA5EVT
060201|060202|060203|060204,190108,B000AA5EW6
060201|060202|060203|060204,190108,B000A7ZZDN
060201|060202|060203|060204,190108,B000AA5EWL
060201|060202|060203|060204,190108,B000A81D50
060201|060202|060203|060204,190108,B000A7ZYYZ
060201|060202|060203|060204,190108,B000A7ZYZK
060201|060202|060203|060204,190108,B000A09E7B
060201|060202|060203|060204,190108,B000A7ZYJ3
060201|060202|060203|060204,190108,B000A0AFF2
060201|060202|060203|060204,190108,B000A7ZY62
060201|060202|060203|060204,190108,B000A7ZY5U
060201|060202|060203|060204,190108,B000A0A9A1
060201|060202|060203|060204,190108,B000A7ZY5X
060201|060202|060203|060204,190108,B0FFHFQ6Y2
060201|060202|060203|060204,190108,B000A7ZXSZ
060201|060202|060203|060204,190108,B000A7ZXT0
060201|060202|060203|060204,190108,B000A802RE
060201|060202|060203|060204,190108,B000A81D54
060201|060202|060203|060204,190108,B000A7ZZDY
060201|060202|060203|060204,190108,B000AA5F2Y
060201|060202|060203|060204,190108,B000A7ZYZP
060201|060202|060203|060204,190108,B000AA5H0F
060201|060202|060203|060204,190108,B000A7ZYZF
060201|060202|060203|060204,190108,B000A7ZYII
060201|060202|060203|060204,190108,B000A7ZYIN
060201|060202|060203|060204,190108,B000A7ZY67
060201|060202|060203|060204,190108,B000A7ZY5M
060201|060202|060203|060204,190108,B000A7ZY5T
060201|060202|060203|060204,190108,B000A7ZY63
060201|060202|060203|060204,190108,B0FFJOMZNE
060201|060202|060203|060204,190108,B000AA5FYM
060201|060202|060203|060204,190108,B000AA5G17
060201|060202|060203|060204,190108,B000A7ZZE3
060201|060202|060203|060204,190108,B000A86475
060201|060202|060203|060204,190108,B000A86476
060201|060202|060203|060204,190108,B000A7ZYZM
060201|060202|060203|060204,190108,B000AA5FCM
060201|060202|060203|060204,190108,B000A7ZYZ6
060201|060202|060203|060204,190108,B000A7ZY5Z
060201|060202|060203|060204,190108,B000A7ZY61
060201|060202|060203|060204,190108,B000A7ZY5O
060201|060202|060203|060204,190108,B000A7ZY5R
060201|060202|060203|060204,190108,B000A7ZY5W
060201|060202|060203|060204,190108,B000A7ZXT7
060201|060202|060203|060204,190108,B000A7ZXSX
060201|060202|060203|060204,190108,B000A7ZXTI
060201|060202|060203|060204,190108,B000A802RG
060201|060202|060203|060204,190108,B000A802RA
060201|060202|060203|060204,190108,B000A7W3YU
1606|2001|2002,190200,B0FFI9OBB9
1606,190203,B000A854IK
1606,190203,B000A7ZXSR
1606,190203,B000A7ZXSM
1606,190203,B000A7ZXSU
1606,190203,B000A7ZXSL
1606,190203,B000A7ZYZH
1606,190203,B000A802R6
1606,190203,B000A7ZYIL
1606,190203,B0FFFALIRZ
1606,190203,B000A802RF
1606,190203,B000A7VMHL
2001,190204,B0FFGG6EJO
2001,190204,B0FFGH6G7J
2001,190204,B0FFGK35IZ
2001,190204,B000AA5F3Z
1101,190301,B0FFGQKZXD
1101,190301,B0FFGQKTQS
1101,190301,B0FFGQ6WTN
1101,190301,BZDCPO001A
1101,190301,B0FFH3PJMC
1101,190301,BZDAPP000T
1101,190301,B0FFH3VQO6
1101,190301,B0FFGTI1FC
1101,190301,B0FFGQ5673
1101,190301,BZD9PP000Y
1101,190301,B0FFGQ7KRJ
1101,190301,BZDCPP0016
1101,190301,B0FFGQ5VXK
1101,190301,BZD9PP000Z
1101,190301,BZDAPP000S
1101,190301,BZD8PP002S
1101,190301,BZD8PP002T
1101,190301,BZD8PP002V
1101,190301,BZD8PP002K
1101,190301,B0FFGQ6NT8
1101,190301,BZDAPP000O
1101,190301,BZDAPP000P
1101,190301,BZDAPP000U
1101,190301,BZDBPP000O
1101,190301,B0FFGQ5YVG
1101,190301,B0FFGQ9TFJ
1101,190301,B0FFGQ8HOJ
1101,190301,B0FFGQAZDQ
1101,190301,BZDAPP000R
1101,190301,BZDBPP000T
1101,190301,B0FFGQ4UHJ
1101,190301,B0FFGQ76N0
1101,190301,BZDBPP000P
1101,190301,B0FFGQ78X7
1101,190301,BZDBPP000R
1101,190301,BZDBPP000Q
1101,190301,BZDCPP0014
1101,190301,B0FFGU609H
1101,190301,BZD8PP002N
1101,190301,B0FFGQ8KGL
1101,190302,B0FFGGCHHY
1101,190302,B0FFGG8Q5D
1101,190302,B0FFGGV7M7
1101,190302,B0FFGGM1BY
1101,190302,B0FFGGHRBK
1101,190302,B0FFGGGNFZ
1101,190302,B0FFI8K9ED
1101,190302,B0FFGGK4LD
1101,190302,B0FFGG9NH2
1101,190302,B0FFGGBCNK
1101,190302,B0FFGGA55N
1101,190302,B0FFGGGYOH
1101,190302,B0FFGGQD0P
1101,190302,B0FFHVGY1Z
1101,190302,B0FFGQD2O2
1101,190302,B0FFGQBC4W
1101,190302,B0FFGGQJ1O
1101,190302,B0FFGGV4H7
1101,190302,B0FFG5FN5N
1101,190302,B0FFGG8O3R
1101,190302,B0FFGGWWU7
1101,190302,B0FFHPI5XS
1101,190302,B0FFGGK41F
1101,190302,B0FFHPME3J
1101,190302,B0FFGGW6Y8
1101,190302,B0FFHPJ8D3
1101,190302,B0FFGGA354
1101,190302,B0FFG5PNY9
1101,190302,B0FFGG9WU3
1101,190302,B0FFGGNRG0
1101,190302,B0FFGGXCPB
1101,190302,B0FFGGHDXY
1101,190302,B0FFGG9JMU
1101,190302,B0FFHPHZQV
1101,190302,B0FFGGMKS1
1101,190302,B0FFGGRBX9
1101,190302,B0FFGGHPAR
1101,190302,B0FFGGJO19
1101,190302,B0FFI8GXG4
1101,190302,B0FFGGFPW7
1101,190302,B0FFGGTZXK
1101,190302,B0FFGGE0MM
1101,190302,B0FFHPIV7J
1101,190302,B0FFHPO2QV
1101,190302,B0FFHPI5ZG
1101,190302,B0FFHPIW20
1101,190307,B0FFGQ9UZT
1101,190307,B0FFGQ588H
1101,190307,B0FFGQ8BFE
1101,190307,B0FFGQAAET
1101,190307,B0FFGQPBZM
1101,190307,B0FFGQ5U0F
1101,190307,B0FFGQL0R6
1101,190307,B0FFGQAGMH
1101,190307,BZD8PP002H
1101,190307,BZD8PP0029
1101,190307,B0FFGQAOU7
1101,190307,BZD8PP0027
1101,190307,BZD9PP000X
1101,190307,B0FFGQ7A5N
1101,190307,BZDCPP0013
1101,190307,BZD8PP002U
1101,190307,BZD8PP0028
1101,190307,BZD8PP002B
1101,190307,BZD8PP002G
1101,190307,B0FFGQ6Y8L
1101,190307,B0FFGQ7JIQ
1101,190307,B0FFGQ9SDO
1101,190307,BZD8PP002D
1101,190307,BZD8PP002I
1101,190307,BZDBPP000S
1101,190307,B0FFGQ5AK8
1101,190307,B0FFGQ4V4T
1101,190307,BZD8PP002C
1101,190307,B0FFGQ762Y
1101,190307,B0FFGQ6JP6
1101,190307,B0FFGQ7D0S
1101,190310,B0FFF9R521
1101,190310,B0FFGEFDAS
1501,190311,B0FFFAJDGJ
1501,190311,B0FFFAJD69
1501,190311,B0FFFAJCHH
,190403,B0FFG4VFGF
,190403,B0FFG4V8R4
,190403,B0FFG4LH9X
,190403,B0FFG4VKZ3
,190403,B0FFG4VH29
,190403,B0FFG4VK3U
,200300,B000AA6APQ
,200300,B0FFHLSSZQ
,200300,B0FFH5HVXT
,200300,B0FFH5HX4U
,200300,B000A8TYLR
,200300,B000A861M3
,200300,B000A8WE1U
,200300,B0FFHLSI41
,200300,B0FFHLSSZE
,200300,B0FFFACIGA
,200300,B0FFHLSSZK
,200300,B0FFH1CJVI
,200300,B0FFHLSI49
,200300,B0FFFACIGC
,200300,B000A8TYMH
,200300,B000A8WDL9
,200300,B000A8WD9A
,200300,B000A8UMQJ
,200300,B0FFH0WC1O
,200300,B0FFFPOPLJ
,200300,B000A8UMOJ
,200300,B0FFH12AYU
,200300,B000A8WDM9
,200300,B0FFF2IENF
,200300,B000A8WE6B
,200300,B0FFK60QFL
,200300,B000A8WD8O
,200300,B0FFFXRSDS
,200300,B000AA68F4
,200300,B0FFF2VZV7
,200300,B0FFF2Q08K
,200300,B000A8TYTE
,200300,B000A8TYTF
,200300,B0FFHLSRA8
,200300,B000A9ETKB
,200300,B0FFH5SDDL
,200300,B0FFFXRAVC
,200300,B0FFFADQ2V
,200300,B0FFHLSRA7
,200300,B0FFH5HX3X
,200300,B0FFGT3BT0
,200300,B0FFFADQ3F
,200300,B0FFH5HX38
,200300,B0FFH5HVVC
,200300,B0FFHLSTDV
,200300,B000A9ZXVY
,200300,B000AA6AMM
,200300,B0FFF301Z1
,200300,B000A861P0
,200300,B000A8UMTE
,200300,B000A861P2
,200300,B000A861P1
,200300,B000A8TYTG
,200300,B0FFH5LVNX
,200300,B000A8US6P
,200300,B0FFFNP3VE
,200300,B0FFF2CK7P
,200300,B0FFF08ON0
,200300,B0FFH1ZWA5
,200300,B000A8U7DH
,200300,B000A8U7D9
,200300,B0FFH5IQWH
,200300,B0FFHLST4O
,200300,B000A8U7DB
,200300,B000A8U7DG
,200300,B0FFFAC9G9
,200300,B0FFIG06P8
,200300,B0FFHLST45
,200300,B000A8UQQ3
,200300,B000A8U7DD
,200300,B000ABCLRN
,200300,B000A861P3
,200300,B000A9PHZQ
,200300,B000A9PI3E
,200300,B0FFF2WN2L
,200300,B0FFH5SCVG
,200300,B0FFFP0B2U
,200300,B0FFFPY7RY
,200300,B0FFFXQ149
,200300,B0FFFAC9G1
,200300,B000A8WE1W
,200300,B000A8U7DE
,200300,B000ABCLQP
,200300,B0FFF2NGR7
,200300,B0FFF2HDWN
,200300,B000A9PIA0
,200300,B000A9PI5J
,200300,B000A9PHTA
,200300,B000A9PHUR
,200300,B0FFFXRSQP
,200300,B0FFFXRR2H
,200300,B0FFFADPTX
,200300,B0FFFXRSH9
,200300,B0FFF2SVGN
,200300,B000A9ETKA
1606,200400,B0FFFACBOG
1606,200400,B0FFFABU46
1606,200400,B0FFH1IEJS
,990000,B0FFFTIXAC
,990000,B0FFFOY6XV
,990000,B0FFFQ80G0
,991000,B0FFFPAYT8
,991001,B0FFH1I6RM
,991001,B0FFH1GAMJ
,991400,B0FFG7Q3TA
,991400,B000A886VT
,991400,B0FFFACIGT
,991400,B0FFHGASRJ
,991400,B0FFH12XSQ
,991400,B0FFH5HVY6
,991400,B0FFH5HSII
,991400,B0FFH5HWSA
,991400,B0FFH5SG1N
,991400,B0FFH5SE0X
,991400,B0FFFPLI7O
,991400,B0FFH5LQW3
,991400,B0FFH5SE4Z
,991400,B0FFH5SE6E
,991400,B0FFJON6TD
,991400,B0FFH13SRJ
,991400,B0FFH0WBZA
,991400,B0FFFPLAKV
,991400,B0FFH5SFW1
,991400,B0FFFXPZYA
,991400,B0FFH5HS71
,991400,B0FFIXDS78
,991400,B0FFFTLT4Y
,991400,B0FFH5SCXY
,991401,B0FFH5HX1I
,991401,B0FFH5HS8I
,991401,B0FFH1I8P7
,991401,B0FFH1BT9W
,991401,B0FFH1I5X3
,991401,B0FFH1C9SY
,991401,B0FFH1I775
,991401,B000A887BO
,991401,B0FFH1I7KM
,991401,B0FFH5HX1E
,991401,B0FFH5HTY9
,991401,B0FFH5HS91
,991401,B0FFH5HVVP
,991401,B0FFH5HUC4
,991401,B0FFH12BC6
,991401,B0FFH0WBVH
,991401,B0FFH0WBX7
,991401,B0FFH0WC0V
,991401,B0FFH0WC2I
,991401,B0FFH132DG
,991401,B0FFH0WC1N
,991401,B0FFH5HTVW
,991401,B0FFFLG9DY
,991401,B0FFH5HTW9
,991401,B0FFH5HTZE
,991401,B0FFH5HSC4
,991401,B0FFH5HU8J
,991401,B0FFH5HSE9
,991401,B0FFH5HX7H
,991401,B0FFH5HVY8
,991401,B0FFJATXEE
,991401,B0FFH5SD6P
,991401,B0FFH5SE7N
,991401,B0FFH5LUYR
,991401,B0FFH5LQ8G
,991401,B0FFH5HWX2
,991401,B0FFH5HSHO
,991401,B0FFH5HW3T
,991401,B0FFH5HTSF
,991401,B0FFH5LQV3
,991401,B0FFH5SGLP
,991401,B0FFH5LQX7
,991401,B0FFIS2LRD
,991401,B0FFH5SD1V
,991401,B0FFH5LQ8O
,991401,B0FFH5SDZT
,991401,B0FFH1IA7E
,991401,B0FFH12EN4
,991401,B0FFH1IDQ9
,991401,B0FFH12WZ5
,991401,B0FFH13KXO
,991401,B0FFH12W0A
,991401,B0FFH0WC2N
,991401,B0FFH0WC1U
,991401,B0FFH0WBVS
,991401,B0FFH0WBYG
,991401,B0FFH0WC1Q
,991401,B0FFH0WBXU
,991401,B0FFH0WC2A
,991401,B0FFH13LML
,991401,B0FFH0WC1Z
,991401,B0FFH5LV12
,991401,B0FFH5SCTZ
,991401,B0FFH5SGLI
,991401,B0FFH5SDCD
,991401,B0FFH5SCOB
,991401,B0FFH5SDYF
,991401,B0FFH5SE5D
,991401,B0FFH5SDVH
,991401,B0FFH5SCRF
,991401,B0FFFPCS2D
,991401,B0FFH5SCAV
,991401,B0FFH5SD96
,991401,B0FFH5LVP8
,991401,B0FFH5LV0D
,991401,B0FFH1GA62
,991401,B0FFH1IECR
,991401,B0FFH5SDMX
,991401,B0FFH5SDD1
,991401,B0FFH5SDBE
,991401,B0FFH5LVPJ
,991401,B0FFH5SD1F
,991401,B0FFH5SA07
,991401,B0FFH5SE5W
,991401,B0FFH5LQXE
,991401,B0FFH5SCBX
,991401,B0FFH5SCRZ
,991401,B0FFH2I97H
,991401,B0FFH5SFY6
,991401,B0FFH5LVQ1
,991401,B0FFH5LQWC
,991401,B0FFH2JBDP
,991401,B0FFH70UV1
,991401,B0FFH5SCZW
,991401,B0FFH5LQWA
,991401,B0FFH70PII
,991401,B0FFH716W5
,991401,B0FFH2JBPY
